rfc	index	reason
2264	9	concatenated-table-of-contents
2264	10	concatenated-table-of-contents
2264	11	concatenated-table-of-contents
2274	11	concatenated-table-of-contents
2274	12	concatenated-table-of-contents
2274	13	concatenated-table-of-contents
2671	32	numbered-prose-item
2801	184	numbered-procedure-step
2801	186	numbered-procedure-step
2801	188	numbered-procedure-step
2801	190	numbered-procedure-step
2801	192	numbered-procedure-step
2801	194	numbered-procedure-step
2801	217	numbered-procedure-step
2801	219	numbered-procedure-step
2801	246	numbered-procedure-step
2801	248	numbered-procedure-step
2801	2113	numbered-procedure-step
2801	2206	numbered-procedure-step
2801	2210	numbered-procedure-step
2801	2212	numbered-procedure-step
2801	2234	numbered-procedure-step
2801	2320	numbered-procedure-step
2801	2324	numbered-procedure-step
2801	2453	numbered-procedure-step
2801	2457	numbered-procedure-step
2801	2710	numbered-procedure-step
2906	28	numbered-requirement
3063	340	numbered-algorithm-rule
3063	373	numbered-algorithm-rule
3063	396	numbered-algorithm-rule
3067	81	numbered-requirement
3356	81	numbered-prose-item
3684	215	numbered-algorithm-step
6503	491	message-sequence-step
6503	513	message-sequence-step
6504	76	message-sequence-step
6504	92	message-sequence-step
6504	94	message-sequence-step
6504	97	message-sequence-step
6504	99	message-sequence-step
6504	104	message-sequence-step
6504	120	message-sequence-step
6504	140	message-sequence-step
6504	157	message-sequence-step
6504	186	message-sequence-step
6504	189	message-sequence-step
6504	203	message-sequence-step
6504	210	message-sequence-step
6504	234	message-sequence-step
6504	239	message-sequence-step
6504	242	message-sequence-step
6504	260	message-sequence-step
6504	262	message-sequence-step
6504	277	message-sequence-step
6917	525	http-example-payload
7336	114	numbered-example-step
7929	160	registration-form-fields
